lambda_S,convention,ratio,lambda_RN,split_x
1.00,(a),3.1476,1.3320,1.3008
1.00,(b),4.7491,1.4762,NaN
1.00,(a),2.9448,1.3100,1.1500
1.10,(a),3.0999,1.3269,1.3360
1.10,(b),4.7508,1.4764,NaN
1.10,(a),3.2462,1.3423,1.1500
1.25,(a),2.7623,1.2892,1.3695
1.25,(b),4.1334,1.4259,NaN
1.25,(a),3.4105,1.3590,1.1500
1.50,(a),2.6211,1.2724,1.3915
1.50,(b),3.8838,1.4038,NaN
1.50,(a),3.5443,1.3721,1.1500
1.75,(a),2.4234,1.2477,1.4199
1.75,(b),3.5464,1.3723,NaN
1.75,(a),3.8053,1.3967,1.1500
2.00,(a),2.3238,1.2347,1.4327
2.00,(b),3.3665,1.3545,NaN
2.00,(a),3.9032,1.4056,1.1500
